CuisineType,RestaurantID,Description
Italian,1,Specializes in authentic Italian cuisine with a modern twist.
Egyptian,1,Specializes in authentic Egyptian cuisine with a modern twist.
Mediterranean,1,Specializes in authentic Mediterranean cuisine with a modern twist.
Indian,2,Specializes in authentic Indian cuisine with a modern twist.
Mediterranean,3,Specializes in authentic Mediterranean cuisine with a modern twist.
Egyptian,3,Specializes in authentic Egyptian cuisine with a modern twist.
Mediterranean,4,Specializes in authentic Mediterranean cuisine with a modern twist.
Italian,4,Specializes in authentic Italian cuisine with a modern twist.
Italian,5,Specializes in authentic Italian cuisine with a modern twist.
Egyptian,6,Specializes in authentic Egyptian cuisine with a modern twist.
Italian,6,Specializes in authentic Italian cuisine with a modern twist.
Indian,6,Specializes in authentic Indian cuisine with a modern twist.
Mediterranean,7,Specializes in authentic Mediterranean cuisine with a modern twist.
Mediterranean,8,Specializes in authentic Mediterranean cuisine with a modern twist.
Egyptian,8,Specializes in authentic Egyptian cuisine with a modern twist.
Egyptian,8,Specializes in authentic Egyptian cuisine with a modern twist.
Indian,9,Specializes in authentic Indian cuisine with a modern twist.
Egyptian,9,Specializes in authentic Egyptian cuisine with a modern twist.
Indian,9,Specializes in authentic Indian cuisine with a modern twist.
Egyptian,10,Specializes in authentic Egyptian cuisine with a modern twist.
Italian,11,Specializes in authentic Italian cuisine with a modern twist.
Italian,12,Specializes in authentic Italian cuisine with a modern twist.
Arabic,12,Specializes in authentic Arabic cuisine with a modern twist.
Arabic,12,Specializes in authentic Arabic cuisine with a modern twist.
Arabic,13,Specializes in authentic Arabic cuisine with a modern twist.
Italian,13,Specializes in authentic Italian cuisine with a modern twist.
Egyptian,14,Specializes in authentic Egyptian cuisine with a modern twist.
Mediterranean,14,Specializes in authentic Mediterranean cuisine with a modern twist.
Egyptian,15,Specializes in authentic Egyptian cuisine with a modern twist.
Arabic,16,Specializes in authentic Arabic cuisine with a modern twist.
Indian,17,Specializes in authentic Indian cuisine with a modern twist.
Egyptian,17,Specializes in authentic Egyptian cuisine with a modern twist.
Egyptian,17,Specializes in authentic Egyptian cuisine with a modern twist.
Italian,18,Specializes in authentic Italian cuisine with a modern twist.
Indian,18,Specializes in authentic Indian cuisine with a modern twist.
Arabic,19,Specializes in authentic Arabic cuisine with a modern twist.
Arabic,20,Specializes in authentic Arabic cuisine with a modern twist.
Egyptian,20,Specializes in authentic Egyptian cuisine with a modern twist.
Arabic,21,Specializes in authentic Arabic cuisine with a modern twist.
Italian,22,Specializes in authentic Italian cuisine with a modern twist.
Mediterranean,23,Specializes in authentic Mediterranean cuisine with a modern twist.
Mediterranean,23,Specializes in authentic Mediterranean cuisine with a modern twist.
Indian,24,Specializes in authentic Indian cuisine with a modern twist.
Egyptian,25,Specializes in authentic Egyptian cuisine with a modern twist.
Arabic,26,Specializes in authentic Arabic cuisine with a modern twist.
Italian,26,Specializes in authentic Italian cuisine with a modern twist.
Italian,26,Specializes in authentic Italian cuisine with a modern twist.
Indian,27,Specializes in authentic Indian cuisine with a modern twist.
Italian,27,Specializes in authentic Italian cuisine with a modern twist.
Arabic,27,Specializes in authentic Arabic cuisine with a modern twist.
Indian,28,Specializes in authentic Indian cuisine with a modern twist.
Indian,28,Specializes in authentic Indian cuisine with a modern twist.
Italian,28,Specializes in authentic Italian cuisine with a modern twist.
Arabic,29,Specializes in authentic Arabic cuisine with a modern twist.
Italian,29,Specializes in authentic Italian cuisine with a modern twist.
Arabic,30,Specializes in authentic Arabic cuisine with a modern twist.
Mediterranean,30,Specializes in authentic Mediterranean cuisine with a modern twist.
Italian,30,Specializes in authentic Italian cuisine with a modern twist.
Indian,31,Specializes in authentic Indian cuisine with a modern twist.
Italian,31,Specializes in authentic Italian cuisine with a modern twist.
Arabic,32,Specializes in authentic Arabic cuisine with a modern twist.
Arabic,32,Specializes in authentic Arabic cuisine with a modern twist.
Egyptian,33,Specializes in authentic Egyptian cuisine with a modern twist.
Italian,34,Specializes in authentic Italian cuisine with a modern twist.
Arabic,34,Specializes in authentic Arabic cuisine with a modern twist.
Arabic,34,Specializes in authentic Arabic cuisine with a modern twist.
Indian,35,Specializes in authentic Indian cuisine with a modern twist.
Italian,35,Specializes in authentic Italian cuisine with a modern twist.
Mediterranean,36,Specializes in authentic Mediterranean cuisine with a modern twist.
Mediterranean,36,Specializes in authentic Mediterranean cuisine with a modern twist.
Italian,37,Specializes in authentic Italian cuisine with a modern twist.
Egyptian,37,Specializes in authentic Egyptian cuisine with a modern twist.
Mediterranean,38,Specializes in authentic Mediterranean cuisine with a modern twist.
Egyptian,39,Specializes in authentic Egyptian cuisine with a modern twist.
Italian,40,Specializes in authentic Italian cuisine with a modern twist.
Mediterranean,41,Specializes in authentic Mediterranean cuisine with a modern twist.
Indian,41,Specializes in authentic Indian cuisine with a modern twist.
Mediterranean,42,Specializes in authentic Mediterranean cuisine with a modern twist.
Mediterranean,43,Specializes in authentic Mediterranean cuisine with a modern twist.
Arabic,44,Specializes in authentic Arabic cuisine with a modern twist.
Italian,45,Specializes in authentic Italian cuisine with a modern twist.
Mediterranean,45,Specializes in authentic Mediterranean cuisine with a modern twist.
Arabic,46,Specializes in authentic Arabic cuisine with a modern twist.
Egyptian,46,Specializes in authentic Egyptian cuisine with a modern twist.
Indian,47,Specializes in authentic Indian cuisine with a modern twist.
Egyptian,47,Specializes in authentic Egyptian cuisine with a modern twist.
Italian,48,Specializes in authentic Italian cuisine with a modern twist.
Egyptian,49,Specializes in authentic Egyptian cuisine with a modern twist.
Mediterranean,49,Specializes in authentic Mediterranean cuisine with a modern twist.
Arabic,50,Specializes in authentic Arabic cuisine with a modern twist.
Egyptian,51,Specializes in authentic Egyptian cuisine with a modern twist.
Indian,51,Specializes in authentic Indian cuisine with a modern twist.
Indian,52,Specializes in authentic Indian cuisine with a modern twist.
Italian,52,Specializes in authentic Italian cuisine with a modern twist.
Indian,53,Specializes in authentic Indian cuisine with a modern twist.
Arabic,53,Specializes in authentic Arabic cuisine with a modern twist.
Indian,53,Specializes in authentic Indian cuisine with a modern twist.
Italian,54,Specializes in authentic Italian cuisine with a modern twist.
Mediterranean,54,Specializes in authentic Mediterranean cuisine with a modern twist.
Italian,55,Specializes in authentic Italian cuisine with a modern twist.
Arabic,56,Specializes in authentic Arabic cuisine with a modern twist.
Mediterranean,57,Specializes in authentic Mediterranean cuisine with a modern twist.
Italian,58,Specializes in authentic Italian cuisine with a modern twist.
Egyptian,58,Specializes in authentic Egyptian cuisine with a modern twist.
Arabic,58,Specializes in authentic Arabic cuisine with a modern twist.
Mediterranean,59,Specializes in authentic Mediterranean cuisine with a modern twist.
Indian,59,Specializes in authentic Indian cuisine with a modern twist.
Mediterranean,59,Specializes in authentic Mediterranean cuisine with a modern twist.
Italian,60,Specializes in authentic Italian cuisine with a modern twist.
Indian,60,Specializes in authentic Indian cuisine with a modern twist.
Egyptian,60,Specializes in authentic Egyptian cuisine with a modern twist.
Italian,61,Specializes in authentic Italian cuisine with a modern twist.
Indian,61,Specializes in authentic Indian cuisine with a modern twist.
Egyptian,61,Specializes in authentic Egyptian cuisine with a modern twist.
Mediterranean,62,Specializes in authentic Mediterranean cuisine with a modern twist.
Italian,62,Specializes in authentic Italian cuisine with a modern twist.
Egyptian,63,Specializes in authentic Egyptian cuisine with a modern twist.
Egyptian,63,Specializes in authentic Egyptian cuisine with a modern twist.
Italian,63,Specializes in authentic Italian cuisine with a modern twist.
Arabic,64,Specializes in authentic Arabic cuisine with a modern twist.
Egyptian,64,Specializes in authentic Egyptian cuisine with a modern twist.
Mediterranean,65,Specializes in authentic Mediterranean cuisine with a modern twist.
Arabic,65,Specializes in authentic Arabic cuisine with a modern twist.
Egyptian,66,Specializes in authentic Egyptian cuisine with a modern twist.
Mediterranean,67,Specializes in authentic Mediterranean cuisine with a modern twist.
Egyptian,67,Specializes in authentic Egyptian cuisine with a modern twist.
Arabic,67,Specializes in authentic Arabic cuisine with a modern twist.
Arabic,68,Specializes in authentic Arabic cuisine with a modern twist.
Egyptian,69,Specializes in authentic Egyptian cuisine with a modern twist.
Egyptian,69,Specializes in authentic Egyptian cuisine with a modern twist.
Indian,70,Specializes in authentic Indian cuisine with a modern twist.
Italian,71,Specializes in authentic Italian cuisine with a modern twist.
Egyptian,72,Specializes in authentic Egyptian cuisine with a modern twist.
Indian,72,Specializes in authentic Indian cuisine with a modern twist.
Mediterranean,72,Specializes in authentic Mediterranean cuisine with a modern twist.
Italian,73,Specializes in authentic Italian cuisine with a modern twist.
Arabic,73,Specializes in authentic Arabic cuisine with a modern twist.
Arabic,73,Specializes in authentic Arabic cuisine with a modern twist.
Italian,74,Specializes in authentic Italian cuisine with a modern twist.
Indian,74,Specializes in authentic Indian cuisine with a modern twist.
Mediterranean,74,Specializes in authentic Mediterranean cuisine with a modern twist.
Egyptian,75,Specializes in authentic Egyptian cuisine with a modern twist.
Egyptian,75,Specializes in authentic Egyptian cuisine with a modern twist.
Mediterranean,76,Specializes in authentic Mediterranean cuisine with a modern twist.
Italian,76,Specializes in authentic Italian cuisine with a modern twist.
Italian,76,Specializes in authentic Italian cuisine with a modern twist.
Indian,77,Specializes in authentic Indian cuisine with a modern twist.
Indian,77,Specializes in authentic Indian cuisine with a modern twist.
Italian,77,Specializes in authentic Italian cuisine with a modern twist.
Mediterranean,78,Specializes in authentic Mediterranean cuisine with a modern twist.
Egyptian,78,Specializes in authentic Egyptian cuisine with a modern twist.
Mediterranean,78,Specializes in authentic Mediterranean cuisine with a modern twist.
Mediterranean,79,Specializes in authentic Mediterranean cuisine with a modern twist.
Arabic,79,Specializes in authentic Arabic cuisine with a modern twist.
Mediterranean,79,Specializes in authentic Mediterranean cuisine with a modern twist.
Italian,80,Specializes in authentic Italian cuisine with a modern twist.
Mediterranean,81,Specializes in authentic Mediterranean cuisine with a modern twist.
Arabic,81,Specializes in authentic Arabic cuisine with a modern twist.
Italian,81,Specializes in authentic Italian cuisine with a modern twist.
Egyptian,82,Specializes in authentic Egyptian cuisine with a modern twist.
Egyptian,83,Specializes in authentic Egyptian cuisine with a modern twist.
Mediterranean,83,Specializes in authentic Mediterranean cuisine with a modern twist.
Egyptian,83,Specializes in authentic Egyptian cuisine with a modern twist.
Italian,84,Specializes in authentic Italian cuisine with a modern twist.
Italian,84,Specializes in authentic Italian cuisine with a modern twist.
Mediterranean,84,Specializes in authentic Mediterranean cuisine with a modern twist.
Egyptian,85,Specializes in authentic Egyptian cuisine with a modern twist.
Italian,85,Specializes in authentic Italian cuisine with a modern twist.
Arabic,85,Specializes in authentic Arabic cuisine with a modern twist.
Arabic,86,Specializes in authentic Arabic cuisine with a modern twist.
Italian,86,Specializes in authentic Italian cuisine with a modern twist.
Italian,87,Specializes in authentic Italian cuisine with a modern twist.
Arabic,87,Specializes in authentic Arabic cuisine with a modern twist.
Indian,88,Specializes in authentic Indian cuisine with a modern twist.
Indian,89,Specializes in authentic Indian cuisine with a modern twist.
Mediterranean,89,Specializes in authentic Mediterranean cuisine with a modern twist.
Arabic,90,Specializes in authentic Arabic cuisine with a modern twist.
Italian,91,Specializes in authentic Italian cuisine with a modern twist.
Arabic,92,Specializes in authentic Arabic cuisine with a modern twist.
Indian,92,Specializes in authentic Indian cuisine with a modern twist.
Indian,92,Specializes in authentic Indian cuisine with a modern twist.
Mediterranean,93,Specializes in authentic Mediterranean cuisine with a modern twist.
Mediterranean,94,Specializes in authentic Mediterranean cuisine with a modern twist.
Mediterranean,95,Specializes in authentic Mediterranean cuisine with a modern twist.
Arabic,95,Specializes in authentic Arabic cuisine with a modern twist.
Mediterranean,95,Specializes in authentic Mediterranean cuisine with a modern twist.
Indian,96,Specializes in authentic Indian cuisine with a modern twist.
Arabic,96,Specializes in authentic Arabic cuisine with a modern twist.
Mediterranean,97,Specializes in authentic Mediterranean cuisine with a modern twist.
Egyptian,98,Specializes in authentic Egyptian cuisine with a modern twist.
Egyptian,98,Specializes in authentic Egyptian cuisine with a modern twist.
Italian,98,Specializes in authentic Italian cuisine with a modern twist.
Egyptian,99,Specializes in authentic Egyptian cuisine with a modern twist.
Egyptian,99,Specializes in authentic Egyptian cuisine with a modern twist.
Egyptian,100,Specializes in authentic Egyptian cuisine with a modern twist.
Indian,101,Specializes in authentic Indian cuisine with a modern twist.
Indian,101,Specializes in authentic Indian cuisine with a modern twist.
Egyptian,101,Specializes in authentic Egyptian cuisine with a modern twist.
Arabic,102,Specializes in authentic Arabic cuisine with a modern twist.
Egyptian,102,Specializes in authentic Egyptian cuisine with a modern twist.
Mediterranean,103,Specializes in authentic Mediterranean cuisine with a modern twist.
Indian,103,Specializes in authentic Indian cuisine with a modern twist.
Arabic,104,Specializes in authentic Arabic cuisine with a modern twist.
Arabic,104,Specializes in authentic Arabic cuisine with a modern twist.
Mediterranean,105,Specializes in authentic Mediterranean cuisine with a modern twist.
Italian,105,Specializes in authentic Italian cuisine with a modern twist.
Indian,106,Specializes in authentic Indian cuisine with a modern twist.
Mediterranean,107,Specializes in authentic Mediterranean cuisine with a modern twist.
Italian,108,Specializes in authentic Italian cuisine with a modern twist.
Italian,108,Specializes in authentic Italian cuisine with a modern twist.
Egyptian,109,Specializes in authentic Egyptian cuisine with a modern twist.
Indian,110,Specializes in authentic Indian cuisine with a modern twist.
Indian,110,Specializes in authentic Indian cuisine with a modern twist.
Indian,111,Specializes in authentic Indian cuisine with a modern twist.
Arabic,111,Specializes in authentic Arabic cuisine with a modern twist.
Arabic,112,Specializes in authentic Arabic cuisine with a modern twist.
Indian,112,Specializes in authentic Indian cuisine with a modern twist.
Italian,113,Specializes in authentic Italian cuisine with a modern twist.
Italian,113,Specializes in authentic Italian cuisine with a modern twist.
Mediterranean,113,Specializes in authentic Mediterranean cuisine with a modern twist.
Mediterranean,114,Specializes in authentic Mediterranean cuisine with a modern twist.
Arabic,115,Specializes in authentic Arabic cuisine with a modern twist.
Mediterranean,116,Specializes in authentic Mediterranean cuisine with a modern twist.
Mediterranean,116,Specializes in authentic Mediterranean cuisine with a modern twist.
Egyptian,117,Specializes in authentic Egyptian cuisine with a modern twist.
Italian,117,Specializes in authentic Italian cuisine with a modern twist.
Arabic,117,Specializes in authentic Arabic cuisine with a modern twist.
Mediterranean,118,Specializes in authentic Mediterranean cuisine with a modern twist.
Arabic,118,Specializes in authentic Arabic cuisine with a modern twist.
Egyptian,118,Specializes in authentic Egyptian cuisine with a modern twist.
Egyptian,119,Specializes in authentic Egyptian cuisine with a modern twist.
Indian,119,Specializes in authentic Indian cuisine with a modern twist.
Egyptian,119,Specializes in authentic Egyptian cuisine with a modern twist.
Italian,120,Specializes in authentic Italian cuisine with a modern twist.
Arabic,120,Specializes in authentic Arabic cuisine with a modern twist.
Indian,121,Specializes in authentic Indian cuisine with a modern twist.
Arabic,121,Specializes in authentic Arabic cuisine with a modern twist.
Indian,121,Specializes in authentic Indian cuisine with a modern twist.
Egyptian,122,Specializes in authentic Egyptian cuisine with a modern twist.
Mediterranean,122,Specializes in authentic Mediterranean cuisine with a modern twist.
Indian,122,Specializes in authentic Indian cuisine with a modern twist.
Indian,123,Specializes in authentic Indian cuisine with a modern twist.
Egyptian,123,Specializes in authentic Egyptian cuisine with a modern twist.
Italian,123,Specializes in authentic Italian cuisine with a modern twist.
Arabic,124,Specializes in authentic Arabic cuisine with a modern twist.
Italian,124,Specializes in authentic Italian cuisine with a modern twist.
Egyptian,125,Specializes in authentic Egyptian cuisine with a modern twist.
Arabic,126,Specializes in authentic Arabic cuisine with a modern twist.
Italian,126,Specializes in authentic Italian cuisine with a modern twist.
Egyptian,126,Specializes in authentic Egyptian cuisine with a modern twist.
Indian,127,Specializes in authentic Indian cuisine with a modern twist.
Arabic,127,Specializes in authentic Arabic cuisine with a modern twist.
Egyptian,127,Specializes in authentic Egyptian cuisine with a modern twist.
Mediterranean,128,Specializes in authentic Mediterranean cuisine with a modern twist.
Indian,128,Specializes in authentic Indian cuisine with a modern twist.
Egyptian,128,Specializes in authentic Egyptian cuisine with a modern twist.
Mediterranean,129,Specializes in authentic Mediterranean cuisine with a modern twist.
Mediterranean,130,Specializes in authentic Mediterranean cuisine with a modern twist.
Italian,130,Specializes in authentic Italian cuisine with a modern twist.
Arabic,131,Specializes in authentic Arabic cuisine with a modern twist.
Italian,131,Specializes in authentic Italian cuisine with a modern twist.
Italian,132,Specializes in authentic Italian cuisine with a modern twist.
Italian,133,Specializes in authentic Italian cuisine with a modern twist.
Egyptian,134,Specializes in authentic Egyptian cuisine with a modern twist.
Egyptian,134,Specializes in authentic Egyptian cuisine with a modern twist.
Arabic,134,Specializes in authentic Arabic cuisine with a modern twist.
Arabic,135,Specializes in authentic Arabic cuisine with a modern twist.
Mediterranean,136,Specializes in authentic Mediterranean cuisine with a modern twist.
Arabic,136,Specializes in authentic Arabic cuisine with a modern twist.
Indian,137,Specializes in authentic Indian cuisine with a modern twist.
Italian,137,Specializes in authentic Italian cuisine with a modern twist.
Indian,137,Specializes in authentic Indian cuisine with a modern twist.
Arabic,138,Specializes in authentic Arabic cuisine with a modern twist.
Mediterranean,138,Specializes in authentic Mediterranean cuisine with a modern twist.
Mediterranean,138,Specializes in authentic Mediterranean cuisine with a modern twist.
Egyptian,139,Specializes in authentic Egyptian cuisine with a modern twist.
Egyptian,139,Specializes in authentic Egyptian cuisine with a modern twist.
Indian,140,Specializes in authentic Indian cuisine with a modern twist.
Mediterranean,140,Specializes in authentic Mediterranean cuisine with a modern twist.
Mediterranean,140,Specializes in authentic Mediterranean cuisine with a modern twist.
Italian,141,Specializes in authentic Italian cuisine with a modern twist.
Arabic,142,Specializes in authentic Arabic cuisine with a modern twist.
Indian,142,Specializes in authentic Indian cuisine with a modern twist.
Arabic,143,Specializes in authentic Arabic cuisine with a modern twist.
Italian,144,Specializes in authentic Italian cuisine with a modern twist.
Egyptian,145,Specializes in authentic Egyptian cuisine with a modern twist.
Arabic,145,Specializes in authentic Arabic cuisine with a modern twist.
Italian,145,Specializes in authentic Italian cuisine with a modern twist.
Mediterranean,146,Specializes in authentic Mediterranean cuisine with a modern twist.
Indian,146,Specializes in authentic Indian cuisine with a modern twist.
Mediterranean,146,Specializes in authentic Mediterranean cuisine with a modern twist.
Arabic,147,Specializes in authentic Arabic cuisine with a modern twist.
Arabic,148,Specializes in authentic Arabic cuisine with a modern twist.
Mediterranean,149,Specializes in authentic Mediterranean cuisine with a modern twist.
Egyptian,149,Specializes in authentic Egyptian cuisine with a modern twist.
Indian,149,Specializes in authentic Indian cuisine with a modern twist.
Indian,150,Specializes in authentic Indian cuisine with a modern twist.
Arabic,150,Specializes in authentic Arabic cuisine with a modern twist.
Indian,150,Specializes in authentic Indian cuisine with a modern twist.
Mediterranean,151,Specializes in authentic Mediterranean cuisine with a modern twist.
Egyptian,151,Specializes in authentic Egyptian cuisine with a modern twist.
Mediterranean,151,Specializes in authentic Mediterranean cuisine with a modern twist.
Arabic,152,Specializes in authentic Arabic cuisine with a modern twist.
Arabic,152,Specializes in authentic Arabic cuisine with a modern twist.
Arabic,153,Specializes in authentic Arabic cuisine with a modern twist.
Indian,153,Specializes in authentic Indian cuisine with a modern twist.
Arabic,153,Specializes in authentic Arabic cuisine with a modern twist.
Mediterranean,154,Specializes in authentic Mediterranean cuisine with a modern twist.
Mediterranean,154,Specializes in authentic Mediterranean cuisine with a modern twist.
Italian,155,Specializes in authentic Italian cuisine with a modern twist.
Indian,155,Specializes in authentic Indian cuisine with a modern twist.
Indian,155,Specializes in authentic Indian cuisine with a modern twist.
Mediterranean,156,Specializes in authentic Mediterranean cuisine with a modern twist.
Italian,156,Specializes in authentic Italian cuisine with a modern twist.
Arabic,156,Specializes in authentic Arabic cuisine with a modern twist.
Indian,157,Specializes in authentic Indian cuisine with a modern twist.
Indian,158,Specializes in authentic Indian cuisine with a modern twist.
Mediterranean,159,Specializes in authentic Mediterranean cuisine with a modern twist.
Arabic,159,Specializes in authentic Arabic cuisine with a modern twist.
Egyptian,159,Specializes in authentic Egyptian cuisine with a modern twist.
Italian,160,Specializes in authentic Italian cuisine with a modern twist.
Indian,160,Specializes in authentic Indian cuisine with a modern twist.
Egyptian,160,Specializes in authentic Egyptian cuisine with a modern twist.
Mediterranean,161,Specializes in authentic Mediterranean cuisine with a modern twist.
Indian,162,Specializes in authentic Indian cuisine with a modern twist.
Italian,162,Specializes in authentic Italian cuisine with a modern twist.
Egyptian,163,Specializes in authentic Egyptian cuisine with a modern twist.
Arabic,163,Specializes in authentic Arabic cuisine with a modern twist.
Arabic,164,Specializes in authentic Arabic cuisine with a modern twist.
Italian,165,Specializes in authentic Italian cuisine with a modern twist.
Egyptian,166,Specializes in authentic Egyptian cuisine with a modern twist.
Arabic,166,Specializes in authentic Arabic cuisine with a modern twist.
Egyptian,167,Specializes in authentic Egyptian cuisine with a modern twist.
Mediterranean,167,Specializes in authentic Mediterranean cuisine with a modern twist.
Mediterranean,168,Specializes in authentic Mediterranean cuisine with a modern twist.
Egyptian,168,Specializes in authentic Egyptian cuisine with a modern twist.
Egyptian,168,Specializes in authentic Egyptian cuisine with a modern twist.
Arabic,169,Specializes in authentic Arabic cuisine with a modern twist.
Egyptian,169,Specializes in authentic Egyptian cuisine with a modern twist.
Italian,169,Specializes in authentic Italian cuisine with a modern twist.
Egyptian,170,Specializes in authentic Egyptian cuisine with a modern twist.
Mediterranean,170,Specializes in authentic Mediterranean cuisine with a modern twist.
Egyptian,171,Specializes in authentic Egyptian cuisine with a modern twist.
Egyptian,171,Specializes in authentic Egyptian cuisine with a modern twist.
Mediterranean,171,Specializes in authentic Mediterranean cuisine with a modern twist.
Italian,172,Specializes in authentic Italian cuisine with a modern twist.
Egyptian,172,Specializes in authentic Egyptian cuisine with a modern twist.
Mediterranean,173,Specializes in authentic Mediterranean cuisine with a modern twist.
Italian,173,Specializes in authentic Italian cuisine with a modern twist.
Egyptian,174,Specializes in authentic Egyptian cuisine with a modern twist.
Italian,174,Specializes in authentic Italian cuisine with a modern twist.
Italian,175,Specializes in authentic Italian cuisine with a modern twist.
Egyptian,176,Specializes in authentic Egyptian cuisine with a modern twist.
Indian,176,Specializes in authentic Indian cuisine with a modern twist.
Arabic,177,Specializes in authentic Arabic cuisine with a modern twist.
Indian,177,Specializes in authentic Indian cuisine with a modern twist.
Indian,178,Specializes in authentic Indian cuisine with a modern twist.
Egyptian,179,Specializes in authentic Egyptian cuisine with a modern twist.
Egyptian,179,Specializes in authentic Egyptian cuisine with a modern twist.
Italian,179,Specializes in authentic Italian cuisine with a modern twist.
Egyptian,180,Specializes in authentic Egyptian cuisine with a modern twist.
Italian,180,Specializes in authentic Italian cuisine with a modern twist.
Arabic,181,Specializes in authentic Arabic cuisine with a modern twist.
Arabic,182,Specializes in authentic Arabic cuisine with a modern twist.
Mediterranean,182,Specializes in authentic Mediterranean cuisine with a modern twist.
Egyptian,182,Specializes in authentic Egyptian cuisine with a modern twist.
Arabic,183,Specializes in authentic Arabic cuisine with a modern twist.
Italian,183,Specializes in authentic Italian cuisine with a modern twist.
Mediterranean,183,Specializes in authentic Mediterranean cuisine with a modern twist.
Arabic,184,Specializes in authentic Arabic cuisine with a modern twist.
Italian,185,Specializes in authentic Italian cuisine with a modern twist.
Egyptian,186,Specializes in authentic Egyptian cuisine with a modern twist.
Mediterranean,187,Specializes in authentic Mediterranean cuisine with a modern twist.
Italian,188,Specializes in authentic Italian cuisine with a modern twist.
Arabic,188,Specializes in authentic Arabic cuisine with a modern twist.
Mediterranean,189,Specializes in authentic Mediterranean cuisine with a modern twist.
Mediterranean,189,Specializes in authentic Mediterranean cuisine with a modern twist.
Italian,190,Specializes in authentic Italian cuisine with a modern twist.
Indian,190,Specializes in authentic Indian cuisine with a modern twist.
Mediterranean,191,Specializes in authentic Mediterranean cuisine with a modern twist.
Egyptian,191,Specializes in authentic Egyptian cuisine with a modern twist.
Egyptian,192,Specializes in authentic Egyptian cuisine with a modern twist.
Indian,192,Specializes in authentic Indian cuisine with a modern twist.
Egyptian,193,Specializes in authentic Egyptian cuisine with a modern twist.
Italian,194,Specializes in authentic Italian cuisine with a modern twist.
Mediterranean,195,Specializes in authentic Mediterranean cuisine with a modern twist.
Indian,196,Specializes in authentic Indian cuisine with a modern twist.
Italian,196,Specializes in authentic Italian cuisine with a modern twist.
Mediterranean,197,Specializes in authentic Mediterranean cuisine with a modern twist.
Arabic,197,Specializes in authentic Arabic cuisine with a modern twist.
Italian,198,Specializes in authentic Italian cuisine with a modern twist.
Mediterranean,199,Specializes in authentic Mediterranean cuisine with a modern twist.
Arabic,199,Specializes in authentic Arabic cuisine with a modern twist.
Italian,199,Specializes in authentic Italian cuisine with a modern twist.
Arabic,200,Specializes in authentic Arabic cuisine with a modern twist.
Egyptian,200,Specializes in authentic Egyptian cuisine with a modern twist.
Mediterranean,201,Specializes in authentic Mediterranean cuisine with a modern twist.
Italian,201,Specializes in authentic Italian cuisine with a modern twist.
Mediterranean,202,Specializes in authentic Mediterranean cuisine with a modern twist.
Egyptian,203,Specializes in authentic Egyptian cuisine with a modern twist.
Mediterranean,203,Specializes in authentic Mediterranean cuisine with a modern twist.
Mediterranean,204,Specializes in authentic Mediterranean cuisine with a modern twist.
Arabic,204,Specializes in authentic Arabic cuisine with a modern twist.
Mediterranean,205,Specializes in authentic Mediterranean cuisine with a modern twist.
Egyptian,206,Specializes in authentic Egyptian cuisine with a modern twist.
Mediterranean,206,Specializes in authentic Mediterranean cuisine with a modern twist.
Italian,207,Specializes in authentic Italian cuisine with a modern twist.
Egyptian,207,Specializes in authentic Egyptian cuisine with a modern twist.
Italian,207,Specializes in authentic Italian cuisine with a modern twist.
Arabic,208,Specializes in authentic Arabic cuisine with a modern twist.
Arabic,208,Specializes in authentic Arabic cuisine with a modern twist.
Arabic,209,Specializes in authentic Arabic cuisine with a modern twist.
Italian,210,Specializes in authentic Italian cuisine with a modern twist.
Egyptian,210,Specializes in authentic Egyptian cuisine with a modern twist.
Indian,210,Specializes in authentic Indian cuisine with a modern twist.
Arabic,211,Specializes in authentic Arabic cuisine with a modern twist.
Arabic,212,Specializes in authentic Arabic cuisine with a modern twist.
Mediterranean,212,Specializes in authentic Mediterranean cuisine with a modern twist.
Indian,212,Specializes in authentic Indian cuisine with a modern twist.
Italian,213,Specializes in authentic Italian cuisine with a modern twist.
Indian,213,Specializes in authentic Indian cuisine with a modern twist.
Mediterranean,213,Specializes in authentic Mediterranean cuisine with a modern twist.
Indian,214,Specializes in authentic Indian cuisine with a modern twist.
Italian,214,Specializes in authentic Italian cuisine with a modern twist.
Egyptian,215,Specializes in authentic Egyptian cuisine with a modern twist.
Indian,215,Specializes in authentic Indian cuisine with a modern twist.
Egyptian,215,Specializes in authentic Egyptian cuisine with a modern twist.
Indian,216,Specializes in authentic Indian cuisine with a modern twist.
Arabic,216,Specializes in authentic Arabic cuisine with a modern twist.
Indian,217,Specializes in authentic Indian cuisine with a modern twist.
Italian,217,Specializes in authentic Italian cuisine with a modern twist.
Arabic,217,Specializes in authentic Arabic cuisine with a modern twist.
Arabic,218,Specializes in authentic Arabic cuisine with a modern twist.
Egyptian,218,Specializes in authentic Egyptian cuisine with a modern twist.
Italian,219,Specializes in authentic Italian cuisine with a modern twist.
Italian,220,Specializes in authentic Italian cuisine with a modern twist.
Egyptian,220,Specializes in authentic Egyptian cuisine with a modern twist.
Italian,220,Specializes in authentic Italian cuisine with a modern twist.
Indian,221,Specializes in authentic Indian cuisine with a modern twist.
Egyptian,222,Specializes in authentic Egyptian cuisine with a modern twist.
Mediterranean,222,Specializes in authentic Mediterranean cuisine with a modern twist.
Italian,222,Specializes in authentic Italian cuisine with a modern twist.
Italian,223,Specializes in authentic Italian cuisine with a modern twist.
Indian,224,Specializes in authentic Indian cuisine with a modern twist.
Indian,225,Specializes in authentic Indian cuisine with a modern twist.
Indian,225,Specializes in authentic Indian cuisine with a modern twist.
Egyptian,226,Specializes in authentic Egyptian cuisine with a modern twist.
Italian,227,Specializes in authentic Italian cuisine with a modern twist.
Egyptian,227,Specializes in authentic Egyptian cuisine with a modern twist.
Mediterranean,228,Specializes in authentic Mediterranean cuisine with a modern twist.
Italian,228,Specializes in authentic Italian cuisine with a modern twist.
Egyptian,228,Specializes in authentic Egyptian cuisine with a modern twist.
Italian,229,Specializes in authentic Italian cuisine with a modern twist.
Indian,230,Specializes in authentic Indian cuisine with a modern twist.
Egyptian,230,Specializes in authentic Egyptian cuisine with a modern twist.
Arabic,230,Specializes in authentic Arabic cuisine with a modern twist.
Italian,231,Specializes in authentic Italian cuisine with a modern twist.
Arabic,231,Specializes in authentic Arabic cuisine with a modern twist.
Italian,232,Specializes in authentic Italian cuisine with a modern twist.
Indian,232,Specializes in authentic Indian cuisine with a modern twist.
Indian,233,Specializes in authentic Indian cuisine with a modern twist.
Mediterranean,233,Specializes in authentic Mediterranean cuisine with a modern twist.
Italian,234,Specializes in authentic Italian cuisine with a modern twist.
Italian,234,Specializes in authentic Italian cuisine with a modern twist.
Arabic,235,Specializes in authentic Arabic cuisine with a modern twist.
Indian,236,Specializes in authentic Indian cuisine with a modern twist.
Arabic,236,Specializes in authentic Arabic cuisine with a modern twist.
Indian,236,Specializes in authentic Indian cuisine with a modern twist.
Mediterranean,237,Specializes in authentic Mediterranean cuisine with a modern twist.
Indian,238,Specializes in authentic Indian cuisine with a modern twist.
Arabic,239,Specializes in authentic Arabic cuisine with a modern twist.
Indian,240,Specializes in authentic Indian cuisine with a modern twist.
Italian,240,Specializes in authentic Italian cuisine with a modern twist.
Mediterranean,241,Specializes in authentic Mediterranean cuisine with a modern twist.
Italian,241,Specializes in authentic Italian cuisine with a modern twist.
Mediterranean,241,Specializes in authentic Mediterranean cuisine with a modern twist.
Indian,242,Specializes in authentic Indian cuisine with a modern twist.
Egyptian,242,Specializes in authentic Egyptian cuisine with a modern twist.
Indian,242,Specializes in authentic Indian cuisine with a modern twist.
Arabic,243,Specializes in authentic Arabic cuisine with a modern twist.
Indian,244,Specializes in authentic Indian cuisine with a modern twist.
Mediterranean,245,Specializes in authentic Mediterranean cuisine with a modern twist.
Indian,246,Specializes in authentic Indian cuisine with a modern twist.
Indian,246,Specializes in authentic Indian cuisine with a modern twist.
Italian,247,Specializes in authentic Italian cuisine with a modern twist.
Egyptian,248,Specializes in authentic Egyptian cuisine with a modern twist.
Italian,248,Specializes in authentic Italian cuisine with a modern twist.
Egyptian,248,Specializes in authentic Egyptian cuisine with a modern twist.
Mediterranean,249,Specializes in authentic Mediterranean cuisine with a modern twist.
Egyptian,250,Specializes in authentic Egyptian cuisine with a modern twist.
Egyptian,250,Specializes in authentic Egyptian cuisine with a modern twist.
Arabic,250,Specializes in authentic Arabic cuisine with a modern twist.
Arabic,251,Specializes in authentic Arabic cuisine with a modern twist.
Egyptian,251,Specializes in authentic Egyptian cuisine with a modern twist.
Italian,252,Specializes in authentic Italian cuisine with a modern twist.
Indian,252,Specializes in authentic Indian cuisine with a modern twist.
Italian,253,Specializes in authentic Italian cuisine with a modern twist.
Italian,253,Specializes in authentic Italian cuisine with a modern twist.
Mediterranean,253,Specializes in authentic Mediterranean cuisine with a modern twist.
Indian,254,Specializes in authentic Indian cuisine with a modern twist.
Mediterranean,254,Specializes in authentic Mediterranean cuisine with a modern twist.
Mediterranean,255,Specializes in authentic Mediterranean cuisine with a modern twist.
Arabic,255,Specializes in authentic Arabic cuisine with a modern twist.
Egyptian,256,Specializes in authentic Egyptian cuisine with a modern twist.
Arabic,256,Specializes in authentic Arabic cuisine with a modern twist.
Mediterranean,257,Specializes in authentic Mediterranean cuisine with a modern twist.
Mediterranean,258,Specializes in authentic Mediterranean cuisine with a modern twist.
Italian,259,Specializes in authentic Italian cuisine with a modern twist.
Indian,259,Specializes in authentic Indian cuisine with a modern twist.
Arabic,259,Specializes in authentic Arabic cuisine with a modern twist.
Italian,260,Specializes in authentic Italian cuisine with a modern twist.
Indian,260,Specializes in authentic Indian cuisine with a modern twist.
Italian,260,Specializes in authentic Italian cuisine with a modern twist.
Indian,261,Specializes in authentic Indian cuisine with a modern twist.
Arabic,262,Specializes in authentic Arabic cuisine with a modern twist.
Egyptian,262,Specializes in authentic Egyptian cuisine with a modern twist.
Egyptian,262,Specializes in authentic Egyptian cuisine with a modern twist.
Mediterranean,263,Specializes in authentic Mediterranean cuisine with a modern twist.
Arabic,263,Specializes in authentic Arabic cuisine with a modern twist.
Indian,264,Specializes in authentic Indian cuisine with a modern twist.
Indian,264,Specializes in authentic Indian cuisine with a modern twist.
Mediterranean,264,Specializes in authentic Mediterranean cuisine with a modern twist.
Italian,265,Specializes in authentic Italian cuisine with a modern twist.
Indian,266,Specializes in authentic Indian cuisine with a modern twist.
Egyptian,266,Specializes in authentic Egyptian cuisine with a modern twist.
Egyptian,266,Specializes in authentic Egyptian cuisine with a modern twist.
Italian,267,Specializes in authentic Italian cuisine with a modern twist.
Indian,268,Specializes in authentic Indian cuisine with a modern twist.
Egyptian,268,Specializes in authentic Egyptian cuisine with a modern twist.
Mediterranean,268,Specializes in authentic Mediterranean cuisine with a modern twist.
Mediterranean,269,Specializes in authentic Mediterranean cuisine with a modern twist.
Egyptian,269,Specializes in authentic Egyptian cuisine with a modern twist.
Arabic,270,Specializes in authentic Arabic cuisine with a modern twist.
Indian,271,Specializes in authentic Indian cuisine with a modern twist.
Italian,272,Specializes in authentic Italian cuisine with a modern twist.
Indian,273,Specializes in authentic Indian cuisine with a modern twist.
Mediterranean,273,Specializes in authentic Mediterranean cuisine with a modern twist.
Mediterranean,274,Specializes in authentic Mediterranean cuisine with a modern twist.
Indian,275,Specializes in authentic Indian cuisine with a modern twist.
Egyptian,275,Specializes in authentic Egyptian cuisine with a modern twist.
Indian,276,Specializes in authentic Indian cuisine with a modern twist.
Italian,276,Specializes in authentic Italian cuisine with a modern twist.
Italian,276,Specializes in authentic Italian cuisine with a modern twist.
Arabic,277,Specializes in authentic Arabic cuisine with a modern twist.
Egyptian,277,Specializes in authentic Egyptian cuisine with a modern twist.
Mediterranean,277,Specializes in authentic Mediterranean cuisine with a modern twist.
Egyptian,278,Specializes in authentic Egyptian cuisine with a modern twist.
Italian,278,Specializes in authentic Italian cuisine with a modern twist.
Italian,278,Specializes in authentic Italian cuisine with a modern twist.
Indian,279,Specializes in authentic Indian cuisine with a modern twist.
Indian,280,Specializes in authentic Indian cuisine with a modern twist.
Mediterranean,281,Specializes in authentic Mediterranean cuisine with a modern twist.
Mediterranean,282,Specializes in authentic Mediterranean cuisine with a modern twist.
Mediterranean,283,Specializes in authentic Mediterranean cuisine with a modern twist.
Egyptian,283,Specializes in authentic Egyptian cuisine with a modern twist.
Indian,283,Specializes in authentic Indian cuisine with a modern twist.
Italian,284,Specializes in authentic Italian cuisine with a modern twist.
Mediterranean,285,Specializes in authentic Mediterranean cuisine with a modern twist.
Italian,285,Specializes in authentic Italian cuisine with a modern twist.
Italian,286,Specializes in authentic Italian cuisine with a modern twist.
Arabic,286,Specializes in authentic Arabic cuisine with a modern twist.
Italian,287,Specializes in authentic Italian cuisine with a modern twist.
Indian,287,Specializes in authentic Indian cuisine with a modern twist.
Italian,287,Specializes in authentic Italian cuisine with a modern twist.
Italian,288,Specializes in authentic Italian cuisine with a modern twist.
Mediterranean,288,Specializes in authentic Mediterranean cuisine with a modern twist.
Italian,289,Specializes in authentic Italian cuisine with a modern twist.
Arabic,289,Specializes in authentic Arabic cuisine with a modern twist.
Mediterranean,289,Specializes in authentic Mediterranean cuisine with a modern twist.
Indian,290,Specializes in authentic Indian cuisine with a modern twist.
Arabic,291,Specializes in authentic Arabic cuisine with a modern twist.
Indian,292,Specializes in authentic Indian cuisine with a modern twist.
Mediterranean,292,Specializes in authentic Mediterranean cuisine with a modern twist.
Indian,292,Specializes in authentic Indian cuisine with a modern twist.
Indian,293,Specializes in authentic Indian cuisine with a modern twist.
Mediterranean,294,Specializes in authentic Mediterranean cuisine with a modern twist.
Arabic,295,Specializes in authentic Arabic cuisine with a modern twist.
Indian,296,Specializes in authentic Indian cuisine with a modern twist.
Indian,296,Specializes in authentic Indian cuisine with a modern twist.
Italian,296,Specializes in authentic Italian cuisine with a modern twist.
Mediterranean,297,Specializes in authentic Mediterranean cuisine with a modern twist.
Italian,297,Specializes in authentic Italian cuisine with a modern twist.
Mediterranean,298,Specializes in authentic Mediterranean cuisine with a modern twist.
Indian,298,Specializes in authentic Indian cuisine with a modern twist.
Arabic,298,Specializes in authentic Arabic cuisine with a modern twist.
Mediterranean,299,Specializes in authentic Mediterranean cuisine with a modern twist.
Arabic,299,Specializes in authentic Arabic cuisine with a modern twist.
Mediterranean,299,Specializes in authentic Mediterranean cuisine with a modern twist.
Italian,300,Specializes in authentic Italian cuisine with a modern twist.
Egyptian,301,Specializes in authentic Egyptian cuisine with a modern twist.
Egyptian,301,Specializes in authentic Egyptian cuisine with a modern twist.
Arabic,301,Specializes in authentic Arabic cuisine with a modern twist.
Mediterranean,302,Specializes in authentic Mediterranean cuisine with a modern twist.
Mediterranean,303,Specializes in authentic Mediterranean cuisine with a modern twist.
Egyptian,303,Specializes in authentic Egyptian cuisine with a modern twist.
Egyptian,304,Specializes in authentic Egyptian cuisine with a modern twist.
Italian,304,Specializes in authentic Italian cuisine with a modern twist.
Italian,304,Specializes in authentic Italian cuisine with a modern twist.
Arabic,305,Specializes in authentic Arabic cuisine with a modern twist.
Egyptian,305,Specializes in authentic Egyptian cuisine with a modern twist.
Arabic,306,Specializes in authentic Arabic cuisine with a modern twist.
Indian,306,Specializes in authentic Indian cuisine with a modern twist.
Mediterranean,307,Specializes in authentic Mediterranean cuisine with a modern twist.
Egyptian,308,Specializes in authentic Egyptian cuisine with a modern twist.
Egyptian,308,Specializes in authentic Egyptian cuisine with a modern twist.
Mediterranean,309,Specializes in authentic Mediterranean cuisine with a modern twist.
Egyptian,310,Specializes in authentic Egyptian cuisine with a modern twist.
Mediterranean,310,Specializes in authentic Mediterranean cuisine with a modern twist.
Arabic,310,Specializes in authentic Arabic cuisine with a modern twist.
Indian,311,Specializes in authentic Indian cuisine with a modern twist.
Arabic,311,Specializes in authentic Arabic cuisine with a modern twist.
Indian,311,Specializes in authentic Indian cuisine with a modern twist.
Italian,312,Specializes in authentic Italian cuisine with a modern twist.
Italian,312,Specializes in authentic Italian cuisine with a modern twist.
Arabic,312,Specializes in authentic Arabic cuisine with a modern twist.
Arabic,313,Specializes in authentic Arabic cuisine with a modern twist.
Egyptian,314,Specializes in authentic Egyptian cuisine with a modern twist.
Italian,315,Specializes in authentic Italian cuisine with a modern twist.
Egyptian,315,Specializes in authentic Egyptian cuisine with a modern twist.
Mediterranean,316,Specializes in authentic Mediterranean cuisine with a modern twist.
Mediterranean,317,Specializes in authentic Mediterranean cuisine with a modern twist.
Arabic,317,Specializes in authentic Arabic cuisine with a modern twist.
Egyptian,318,Specializes in authentic Egyptian cuisine with a modern twist.
Italian,318,Specializes in authentic Italian cuisine with a modern twist.
Arabic,319,Specializes in authentic Arabic cuisine with a modern twist.
Indian,319,Specializes in authentic Indian cuisine with a modern twist.
Mediterranean,320,Specializes in authentic Mediterranean cuisine with a modern twist.
Indian,320,Specializes in authentic Indian cuisine with a modern twist.
Indian,321,Specializes in authentic Indian cuisine with a modern twist.
Italian,321,Specializes in authentic Italian cuisine with a modern twist.
Indian,322,Specializes in authentic Indian cuisine with a modern twist.
Indian,322,Specializes in authentic Indian cuisine with a modern twist.
Egyptian,323,Specializes in authentic Egyptian cuisine with a modern twist.
Arabic,323,Specializes in authentic Arabic cuisine with a modern twist.
Egyptian,324,Specializes in authentic Egyptian cuisine with a modern twist.
Italian,324,Specializes in authentic Italian cuisine with a modern twist.
Egyptian,325,Specializes in authentic Egyptian cuisine with a modern twist.
Indian,325,Specializes in authentic Indian cuisine with a modern twist.
Mediterranean,326,Specializes in authentic Mediterranean cuisine with a modern twist.
Indian,327,Specializes in authentic Indian cuisine with a modern twist.
Egyptian,328,Specializes in authentic Egyptian cuisine with a modern twist.
Italian,329,Specializes in authentic Italian cuisine with a modern twist.
Egyptian,329,Specializes in authentic Egyptian cuisine with a modern twist.
Egyptian,329,Specializes in authentic Egyptian cuisine with a modern twist.
Italian,330,Specializes in authentic Italian cuisine with a modern twist.
Indian,330,Specializes in authentic Indian cuisine with a modern twist.
Arabic,330,Specializes in authentic Arabic cuisine with a modern twist.
Arabic,331,Specializes in authentic Arabic cuisine with a modern twist.
Arabic,331,Specializes in authentic Arabic cuisine with a modern twist.
Arabic,332,Specializes in authentic Arabic cuisine with a modern twist.
Italian,333,Specializes in authentic Italian cuisine with a modern twist.
Arabic,334,Specializes in authentic Arabic cuisine with a modern twist.
Egyptian,334,Specializes in authentic Egyptian cuisine with a modern twist.
Egyptian,335,Specializes in authentic Egyptian cuisine with a modern twist.
Arabic,335,Specializes in authentic Arabic cuisine with a modern twist.
Arabic,336,Specializes in authentic Arabic cuisine with a modern twist.
Indian,337,Specializes in authentic Indian cuisine with a modern twist.
Mediterranean,337,Specializes in authentic Mediterranean cuisine with a modern twist.
Arabic,337,Specializes in authentic Arabic cuisine with a modern twist.
Indian,338,Specializes in authentic Indian cuisine with a modern twist.
Egyptian,338,Specializes in authentic Egyptian cuisine with a modern twist.
Egyptian,339,Specializes in authentic Egyptian cuisine with a modern twist.
Arabic,339,Specializes in authentic Arabic cuisine with a modern twist.
Indian,339,Specializes in authentic Indian cuisine with a modern twist.
Indian,340,Specializes in authentic Indian cuisine with a modern twist.
Egyptian,340,Specializes in authentic Egyptian cuisine with a modern twist.
Arabic,341,Specializes in authentic Arabic cuisine with a modern twist.
Arabic,341,Specializes in authentic Arabic cuisine with a modern twist.
Egyptian,341,Specializes in authentic Egyptian cuisine with a modern twist.
Indian,342,Specializes in authentic Indian cuisine with a modern twist.
Arabic,342,Specializes in authentic Arabic cuisine with a modern twist.
Egyptian,343,Specializes in authentic Egyptian cuisine with a modern twist.
Arabic,343,Specializes in authentic Arabic cuisine with a modern twist.
Indian,343,Specializes in authentic Indian cuisine with a modern twist.
Arabic,344,Specializes in authentic Arabic cuisine with a modern twist.
Mediterranean,344,Specializes in authentic Mediterranean cuisine with a modern twist.
Italian,344,Specializes in authentic Italian cuisine with a modern twist.
Italian,345,Specializes in authentic Italian cuisine with a modern twist.
Indian,346,Specializes in authentic Indian cuisine with a modern twist.
Arabic,346,Specializes in authentic Arabic cuisine with a modern twist.
Arabic,347,Specializes in authentic Arabic cuisine with a modern twist.
Mediterranean,347,Specializes in authentic Mediterranean cuisine with a modern twist.
Egyptian,348,Specializes in authentic Egyptian cuisine with a modern twist.
Mediterranean,348,Specializes in authentic Mediterranean cuisine with a modern twist.
Arabic,348,Specializes in authentic Arabic cuisine with a modern twist.
Italian,349,Specializes in authentic Italian cuisine with a modern twist.
Mediterranean,349,Specializes in authentic Mediterranean cuisine with a modern twist.
Arabic,350,Specializes in authentic Arabic cuisine with a modern twist.
Egyptian,350,Specializes in authentic Egyptian cuisine with a modern twist.
Italian,350,Specializes in authentic Italian cuisine with a modern twist.
Indian,351,Specializes in authentic Indian cuisine with a modern twist.
Indian,351,Specializes in authentic Indian cuisine with a modern twist.
Egyptian,351,Specializes in authentic Egyptian cuisine with a modern twist.
Egyptian,352,Specializes in authentic Egyptian cuisine with a modern twist.
Mediterranean,352,Specializes in authentic Mediterranean cuisine with a modern twist.
Italian,353,Specializes in authentic Italian cuisine with a modern twist.
Arabic,354,Specializes in authentic Arabic cuisine with a modern twist.
Arabic,354,Specializes in authentic Arabic cuisine with a modern twist.
Arabic,355,Specializes in authentic Arabic cuisine with a modern twist.
Italian,355,Specializes in authentic Italian cuisine with a modern twist.
Egyptian,356,Specializes in authentic Egyptian cuisine with a modern twist.
Mediterranean,356,Specializes in authentic Mediterranean cuisine with a modern twist.
Arabic,357,Specializes in authentic Arabic cuisine with a modern twist.
Indian,358,Specializes in authentic Indian cuisine with a modern twist.
Arabic,359,Specializes in authentic Arabic cuisine with a modern twist.
Italian,359,Specializes in authentic Italian cuisine with a modern twist.
Arabic,359,Specializes in authentic Arabic cuisine with a modern twist.
Mediterranean,360,Specializes in authentic Mediterranean cuisine with a modern twist.
Mediterranean,360,Specializes in authentic Mediterranean cuisine with a modern twist.
Indian,361,Specializes in authentic Indian cuisine with a modern twist.
Indian,362,Specializes in authentic Indian cuisine with a modern twist.
Mediterranean,363,Specializes in authentic Mediterranean cuisine with a modern twist.
Italian,363,Specializes in authentic Italian cuisine with a modern twist.
Italian,364,Specializes in authentic Italian cuisine with a modern twist.
Indian,364,Specializes in authentic Indian cuisine with a modern twist.
Indian,365,Specializes in authentic Indian cuisine with a modern twist.
Italian,365,Specializes in authentic Italian cuisine with a modern twist.
Arabic,366,Specializes in authentic Arabic cuisine with a modern twist.
Arabic,367,Specializes in authentic Arabic cuisine with a modern twist.
Arabic,367,Specializes in authentic Arabic cuisine with a modern twist.
Indian,368,Specializes in authentic Indian cuisine with a modern twist.
Egyptian,369,Specializes in authentic Egyptian cuisine with a modern twist.
Mediterranean,370,Specializes in authentic Mediterranean cuisine with a modern twist.
Mediterranean,371,Specializes in authentic Mediterranean cuisine with a modern twist.
Egyptian,371,Specializes in authentic Egyptian cuisine with a modern twist.
Indian,371,Specializes in authentic Indian cuisine with a modern twist.
Arabic,372,Specializes in authentic Arabic cuisine with a modern twist.
Egyptian,373,Specializes in authentic Egyptian cuisine with a modern twist.
Mediterranean,373,Specializes in authentic Mediterranean cuisine with a modern twist.
Egyptian,374,Specializes in authentic Egyptian cuisine with a modern twist.
Mediterranean,375,Specializes in authentic Mediterranean cuisine with a modern twist.
Arabic,375,Specializes in authentic Arabic cuisine with a modern twist.
Mediterranean,375,Specializes in authentic Mediterranean cuisine with a modern twist.
Indian,376,Specializes in authentic Indian cuisine with a modern twist.
Mediterranean,376,Specializes in authentic Mediterranean cuisine with a modern twist.
Indian,376,Specializes in authentic Indian cuisine with a modern twist.
Mediterranean,377,Specializes in authentic Mediterranean cuisine with a modern twist.
Italian,377,Specializes in authentic Italian cuisine with a modern twist.
Italian,377,Specializes in authentic Italian cuisine with a modern twist.
Indian,378,Specializes in authentic Indian cuisine with a modern twist.
Indian,379,Specializes in authentic Indian cuisine with a modern twist.
Indian,380,Specializes in authentic Indian cuisine with a modern twist.
Indian,380,Specializes in authentic Indian cuisine with a modern twist.
Arabic,380,Specializes in authentic Arabic cuisine with a modern twist.
Italian,381,Specializes in authentic Italian cuisine with a modern twist.
Egyptian,381,Specializes in authentic Egyptian cuisine with a modern twist.
Italian,382,Specializes in authentic Italian cuisine with a modern twist.
Mediterranean,382,Specializes in authentic Mediterranean cuisine with a modern twist.
Egyptian,383,Specializes in authentic Egyptian cuisine with a modern twist.
Mediterranean,384,Specializes in authentic Mediterranean cuisine with a modern twist.
Arabic,384,Specializes in authentic Arabic cuisine with a modern twist.
Arabic,385,Specializes in authentic Arabic cuisine with a modern twist.
Indian,385,Specializes in authentic Indian cuisine with a modern twist.
Mediterranean,386,Specializes in authentic Mediterranean cuisine with a modern twist.
Arabic,386,Specializes in authentic Arabic cuisine with a modern twist.
Indian,387,Specializes in authentic Indian cuisine with a modern twist.
Indian,387,Specializes in authentic Indian cuisine with a modern twist.
Mediterranean,388,Specializes in authentic Mediterranean cuisine with a modern twist.
Italian,388,Specializes in authentic Italian cuisine with a modern twist.
Arabic,389,Specializes in authentic Arabic cuisine with a modern twist.
Egyptian,389,Specializes in authentic Egyptian cuisine with a modern twist.
Indian,390,Specializes in authentic Indian cuisine with a modern twist.
Egyptian,390,Specializes in authentic Egyptian cuisine with a modern twist.
Egyptian,390,Specializes in authentic Egyptian cuisine with a modern twist.
Mediterranean,391,Specializes in authentic Mediterranean cuisine with a modern twist.
Italian,391,Specializes in authentic Italian cuisine with a modern twist.
Arabic,391,Specializes in authentic Arabic cuisine with a modern twist.
Arabic,392,Specializes in authentic Arabic cuisine with a modern twist.
Egyptian,392,Specializes in authentic Egyptian cuisine with a modern twist.
Italian,392,Specializes in authentic Italian cuisine with a modern twist.
Arabic,393,Specializes in authentic Arabic cuisine with a modern twist.
Italian,393,Specializes in authentic Italian cuisine with a modern twist.
Italian,393,Specializes in authentic Italian cuisine with a modern twist.
Arabic,394,Specializes in authentic Arabic cuisine with a modern twist.
Indian,394,Specializes in authentic Indian cuisine with a modern twist.
Indian,394,Specializes in authentic Indian cuisine with a modern twist.
Arabic,395,Specializes in authentic Arabic cuisine with a modern twist.
Indian,396,Specializes in authentic Indian cuisine with a modern twist.
Indian,396,Specializes in authentic Indian cuisine with a modern twist.
Indian,397,Specializes in authentic Indian cuisine with a modern twist.
Arabic,398,Specializes in authentic Arabic cuisine with a modern twist.
Mediterranean,398,Specializes in authentic Mediterranean cuisine with a modern twist.
Egyptian,399,Specializes in authentic Egyptian cuisine with a modern twist.
Arabic,400,Specializes in authentic Arabic cuisine with a modern twist.
Mediterranean,400,Specializes in authentic Mediterranean cuisine with a modern twist.
Indian,400,Specializes in authentic Indian cuisine with a modern twist.
Egyptian,401,Specializes in authentic Egyptian cuisine with a modern twist.
Indian,401,Specializes in authentic Indian cuisine with a modern twist.
Italian,402,Specializes in authentic Italian cuisine with a modern twist.
Arabic,403,Specializes in authentic Arabic cuisine with a modern twist.
Mediterranean,403,Specializes in authentic Mediterranean cuisine with a modern twist.
Mediterranean,404,Specializes in authentic Mediterranean cuisine with a modern twist.
Arabic,404,Specializes in authentic Arabic cuisine with a modern twist.
Mediterranean,404,Specializes in authentic Mediterranean cuisine with a modern twist.
Arabic,405,Specializes in authentic Arabic cuisine with a modern twist.
Indian,405,Specializes in authentic Indian cuisine with a modern twist.
Mediterranean,405,Specializes in authentic Mediterranean cuisine with a modern twist.
Egyptian,406,Specializes in authentic Egyptian cuisine with a modern twist.
Mediterranean,406,Specializes in authentic Mediterranean cuisine with a modern twist.
Indian,406,Specializes in authentic Indian cuisine with a modern twist.
Italian,407,Specializes in authentic Italian cuisine with a modern twist.
Egyptian,407,Specializes in authentic Egyptian cuisine with a modern twist.
Mediterranean,408,Specializes in authentic Mediterranean cuisine with a modern twist.
Indian,408,Specializes in authentic Indian cuisine with a modern twist.
Indian,409,Specializes in authentic Indian cuisine with a modern twist.
Mediterranean,409,Specializes in authentic Mediterranean cuisine with a modern twist.
Egyptian,410,Specializes in authentic Egyptian cuisine with a modern twist.
Indian,410,Specializes in authentic Indian cuisine with a modern twist.
Italian,411,Specializes in authentic Italian cuisine with a modern twist.
Arabic,412,Specializes in authentic Arabic cuisine with a modern twist.
Mediterranean,413,Specializes in authentic Mediterranean cuisine with a modern twist.
Italian,413,Specializes in authentic Italian cuisine with a modern twist.
Mediterranean,413,Specializes in authentic Mediterranean cuisine with a modern twist.
Mediterranean,414,Specializes in authentic Mediterranean cuisine with a modern twist.
Egyptian,415,Specializes in authentic Egyptian cuisine with a modern twist.
Egyptian,416,Specializes in authentic Egyptian cuisine with a modern twist.
Egyptian,417,Specializes in authentic Egyptian cuisine with a modern twist.
Italian,418,Specializes in authentic Italian cuisine with a modern twist.
Mediterranean,418,Specializes in authentic Mediterranean cuisine with a modern twist.
Indian,419,Specializes in authentic Indian cuisine with a modern twist.
Indian,419,Specializes in authentic Indian cuisine with a modern twist.
Mediterranean,420,Specializes in authentic Mediterranean cuisine with a modern twist.
Indian,421,Specializes in authentic Indian cuisine with a modern twist.
Arabic,421,Specializes in authentic Arabic cuisine with a modern twist.
Indian,421,Specializes in authentic Indian cuisine with a modern twist.
Indian,422,Specializes in authentic Indian cuisine with a modern twist.
Arabic,422,Specializes in authentic Arabic cuisine with a modern twist.
Mediterranean,422,Specializes in authentic Mediterranean cuisine with a modern twist.
Arabic,423,Specializes in authentic Arabic cuisine with a modern twist.
Indian,423,Specializes in authentic Indian cuisine with a modern twist.
Egyptian,424,Specializes in authentic Egyptian cuisine with a modern twist.
Italian,424,Specializes in authentic Italian cuisine with a modern twist.
Egyptian,425,Specializes in authentic Egyptian cuisine with a modern twist.
Indian,426,Specializes in authentic Indian cuisine with a modern twist.
Mediterranean,427,Specializes in authentic Mediterranean cuisine with a modern twist.
Indian,427,Specializes in authentic Indian cuisine with a modern twist.
Arabic,428,Specializes in authentic Arabic cuisine with a modern twist.
Egyptian,429,Specializes in authentic Egyptian cuisine with a modern twist.
Arabic,430,Specializes in authentic Arabic cuisine with a modern twist.
Italian,430,Specializes in authentic Italian cuisine with a modern twist.
Arabic,431,Specializes in authentic Arabic cuisine with a modern twist.
Indian,431,Specializes in authentic Indian cuisine with a modern twist.
Egyptian,431,Specializes in authentic Egyptian cuisine with a modern twist.
Arabic,432,Specializes in authentic Arabic cuisine with a modern twist.
Italian,432,Specializes in authentic Italian cuisine with a modern twist.
Italian,433,Specializes in authentic Italian cuisine with a modern twist.
Indian,433,Specializes in authentic Indian cuisine with a modern twist.
Indian,433,Specializes in authentic Indian cuisine with a modern twist.
Arabic,434,Specializes in authentic Arabic cuisine with a modern twist.
Italian,434,Specializes in authentic Italian cuisine with a modern twist.
Indian,435,Specializes in authentic Indian cuisine with a modern twist.
Egyptian,435,Specializes in authentic Egyptian cuisine with a modern twist.
Indian,436,Specializes in authentic Indian cuisine with a modern twist.
Egyptian,436,Specializes in authentic Egyptian cuisine with a modern twist.
Mediterranean,437,Specializes in authentic Mediterranean cuisine with a modern twist.
Italian,437,Specializes in authentic Italian cuisine with a modern twist.
Mediterranean,438,Specializes in authentic Mediterranean cuisine with a modern twist.
Italian,438,Specializes in authentic Italian cuisine with a modern twist.
Mediterranean,438,Specializes in authentic Mediterranean cuisine with a modern twist.
Mediterranean,439,Specializes in authentic Mediterranean cuisine with a modern twist.
Egyptian,439,Specializes in authentic Egyptian cuisine with a modern twist.
Italian,439,Specializes in authentic Italian cuisine with a modern twist.
Italian,440,Specializes in authentic Italian cuisine with a modern twist.
Mediterranean,441,Specializes in authentic Mediterranean cuisine with a modern twist.
Mediterranean,441,Specializes in authentic Mediterranean cuisine with a modern twist.
Egyptian,442,Specializes in authentic Egyptian cuisine with a modern twist.
Egyptian,442,Specializes in authentic Egyptian cuisine with a modern twist.
Egyptian,442,Specializes in authentic Egyptian cuisine with a modern twist.
Italian,443,Specializes in authentic Italian cuisine with a modern twist.
Egyptian,443,Specializes in authentic Egyptian cuisine with a modern twist.
Italian,444,Specializes in authentic Italian cuisine with a modern twist.
Arabic,445,Specializes in authentic Arabic cuisine with a modern twist.
Mediterranean,446,Specializes in authentic Mediterranean cuisine with a modern twist.
Mediterranean,446,Specializes in authentic Mediterranean cuisine with a modern twist.
Arabic,446,Specializes in authentic Arabic cuisine with a modern twist.
Arabic,447,Specializes in authentic Arabic cuisine with a modern twist.
Egyptian,447,Specializes in authentic Egyptian cuisine with a modern twist.
Indian,447,Specializes in authentic Indian cuisine with a modern twist.
Mediterranean,448,Specializes in authentic Mediterranean cuisine with a modern twist.
Indian,448,Specializes in authentic Indian cuisine with a modern twist.
Italian,449,Specializes in authentic Italian cuisine with a modern twist.
Egyptian,449,Specializes in authentic Egyptian cuisine with a modern twist.
Italian,450,Specializes in authentic Italian cuisine with a modern twist.
Mediterranean,451,Specializes in authentic Mediterranean cuisine with a modern twist.
Egyptian,452,Specializes in authentic Egyptian cuisine with a modern twist.
Arabic,452,Specializes in authentic Arabic cuisine with a modern twist.
Egyptian,452,Specializes in authentic Egyptian cuisine with a modern twist.
Egyptian,453,Specializes in authentic Egyptian cuisine with a modern twist.
Mediterranean,453,Specializes in authentic Mediterranean cuisine with a modern twist.
Mediterranean,453,Specializes in authentic Mediterranean cuisine with a modern twist.
Arabic,454,Specializes in authentic Arabic cuisine with a modern twist.
Indian,454,Specializes in authentic Indian cuisine with a modern twist.
Indian,455,Specializes in authentic Indian cuisine with a modern twist.
Arabic,455,Specializes in authentic Arabic cuisine with a modern twist.
Italian,456,Specializes in authentic Italian cuisine with a modern twist.
Indian,456,Specializes in authentic Indian cuisine with a modern twist.
Mediterranean,457,Specializes in authentic Mediterranean cuisine with a modern twist.
Italian,457,Specializes in authentic Italian cuisine with a modern twist.
Mediterranean,458,Specializes in authentic Mediterranean cuisine with a modern twist.
Egyptian,459,Specializes in authentic Egyptian cuisine with a modern twist.
Arabic,460,Specializes in authentic Arabic cuisine with a modern twist.
Mediterranean,461,Specializes in authentic Mediterranean cuisine with a modern twist.
Egyptian,461,Specializes in authentic Egyptian cuisine with a modern twist.
Italian,462,Specializes in authentic Italian cuisine with a modern twist.
Arabic,462,Specializes in authentic Arabic cuisine with a modern twist.
Italian,463,Specializes in authentic Italian cuisine with a modern twist.
Indian,463,Specializes in authentic Indian cuisine with a modern twist.
Arabic,463,Specializes in authentic Arabic cuisine with a modern twist.
Mediterranean,464,Specializes in authentic Mediterranean cuisine with a modern twist.
Italian,465,Specializes in authentic Italian cuisine with a modern twist.
Italian,466,Specializes in authentic Italian cuisine with a modern twist.
Arabic,467,Specializes in authentic Arabic cuisine with a modern twist.
Mediterranean,467,Specializes in authentic Mediterranean cuisine with a modern twist.
Mediterranean,467,Specializes in authentic Mediterranean cuisine with a modern twist.
Egyptian,468,Specializes in authentic Egyptian cuisine with a modern twist.
Arabic,469,Specializes in authentic Arabic cuisine with a modern twist.
Egyptian,469,Specializes in authentic Egyptian cuisine with a modern twist.
Indian,470,Specializes in authentic Indian cuisine with a modern twist.
Indian,470,Specializes in authentic Indian cuisine with a modern twist.
Egyptian,471,Specializes in authentic Egyptian cuisine with a modern twist.
Italian,472,Specializes in authentic Italian cuisine with a modern twist.
Arabic,472,Specializes in authentic Arabic cuisine with a modern twist.
Italian,472,Specializes in authentic Italian cuisine with a modern twist.
Mediterranean,473,Specializes in authentic Mediterranean cuisine with a modern twist.
Mediterranean,474,Specializes in authentic Mediterranean cuisine with a modern twist.
Egyptian,475,Specializes in authentic Egyptian cuisine with a modern twist.
Italian,476,Specializes in authentic Italian cuisine with a modern twist.
Egyptian,476,Specializes in authentic Egyptian cuisine with a modern twist.
Indian,477,Specializes in authentic Indian cuisine with a modern twist.
Indian,477,Specializes in authentic Indian cuisine with a modern twist.
Italian,478,Specializes in authentic Italian cuisine with a modern twist.
Arabic,478,Specializes in authentic Arabic cuisine with a modern twist.
Mediterranean,478,Specializes in authentic Mediterranean cuisine with a modern twist.
Italian,479,Specializes in authentic Italian cuisine with a modern twist.
Mediterranean,479,Specializes in authentic Mediterranean cuisine with a modern twist.
Egyptian,479,Specializes in authentic Egyptian cuisine with a modern twist.
Mediterranean,480,Specializes in authentic Mediterranean cuisine with a modern twist.
Arabic,481,Specializes in authentic Arabic cuisine with a modern twist.
Mediterranean,481,Specializes in authentic Mediterranean cuisine with a modern twist.
Mediterranean,482,Specializes in authentic Mediterranean cuisine with a modern twist.
Mediterranean,482,Specializes in authentic Mediterranean cuisine with a modern twist.
Egyptian,483,Specializes in authentic Egyptian cuisine with a modern twist.
Arabic,483,Specializes in authentic Arabic cuisine with a modern twist.
Mediterranean,483,Specializes in authentic Mediterranean cuisine with a modern twist.
Italian,484,Specializes in authentic Italian cuisine with a modern twist.
Egyptian,484,Specializes in authentic Egyptian cuisine with a modern twist.
Indian,484,Specializes in authentic Indian cuisine with a modern twist.
Arabic,485,Specializes in authentic Arabic cuisine with a modern twist.
Arabic,486,Specializes in authentic Arabic cuisine with a modern twist.
Mediterranean,486,Specializes in authentic Mediterranean cuisine with a modern twist.
Egyptian,487,Specializes in authentic Egyptian cuisine with a modern twist.
Egyptian,487,Specializes in authentic Egyptian cuisine with a modern twist.
Mediterranean,487,Specializes in authentic Mediterranean cuisine with a modern twist.
Indian,488,Specializes in authentic Indian cuisine with a modern twist.
Italian,488,Specializes in authentic Italian cuisine with a modern twist.
Indian,489,Specializes in authentic Indian cuisine with a modern twist.
Arabic,489,Specializes in authentic Arabic cuisine with a modern twist.
Indian,489,Specializes in authentic Indian cuisine with a modern twist.
Mediterranean,490,Specializes in authentic Mediterranean cuisine with a modern twist.
Egyptian,490,Specializes in authentic Egyptian cuisine with a modern twist.
Egyptian,491,Specializes in authentic Egyptian cuisine with a modern twist.
Indian,492,Specializes in authentic Indian cuisine with a modern twist.
Arabic,493,Specializes in authentic Arabic cuisine with a modern twist.
Mediterranean,493,Specializes in authentic Mediterranean cuisine with a modern twist.
Indian,493,Specializes in authentic Indian cuisine with a modern twist.
Mediterranean,494,Specializes in authentic Mediterranean cuisine with a modern twist.
Indian,495,Specializes in authentic Indian cuisine with a modern twist.
Arabic,496,Specializes in authentic Arabic cuisine with a modern twist.
Italian,496,Specializes in authentic Italian cuisine with a modern twist.
Egyptian,497,Specializes in authentic Egyptian cuisine with a modern twist.
Italian,497,Specializes in authentic Italian cuisine with a modern twist.
Egyptian,498,Specializes in authentic Egyptian cuisine with a modern twist.
Indian,498,Specializes in authentic Indian cuisine with a modern twist.
Mediterranean,499,Specializes in authentic Mediterranean cuisine with a modern twist.
Indian,499,Specializes in authentic Indian cuisine with a modern twist.
Mediterranean,499,Specializes in authentic Mediterranean cuisine with a modern twist.
Arabic,500,Specializes in authentic Arabic cuisine with a modern twist.
Mediterranean,500,Specializes in authentic Mediterranean cuisine with a modern twist.
