Name,UserName,PasswordHash,City,Street,Apartment,Email,CreatedAt,UpdatedAt,IsDeleted,LastLoginTime,AccountStatus
John Ferguson,dawnjones,cfd389c9c430734af625ab081781a457d030c7d8a9462c23e40229ac3e2a8023,South Erikmouth,Gary Ranch,,samanthafrye@example.net,2021-06-27 03:59:46,2021-07-24 03:59:46,1,2023-03-15 13:05:21,Blocked
Peter Walter,saragraves,58a46f68455f3c6da832895718cf38127f482c2db141f07c68635b1364bb6959,Lambshire,Glenn Knolls,24,joyce03@example.net,2022-04-20 19:07:01,2022-04-24 19:07:01,1,2022-12-09 09:52:50,Suspended
Caitlin Phillips,bpalmer,68a37fafa1af059b15ae538280e9db762225212be42daf517820de7b6ed70ae3,Chelseamouth,Melissa Underpass,,dakota01@example.net,2024-02-21 08:42:50,2024-02-25 08:42:50,1,2024-03-04 11:35:50,Blocked
Kevin Harrell,reginald99,550de39bac66b24051f38737a7025e9b40211c23beb0c55a90c7532a7bd79218,West Kimberly,Charles Circles,,ohoffman@example.net,2024-03-11 18:48:22,2024-03-19 18:48:22,1,2024-04-16 04:40:20,Active
John Smith,hjackson,a70ce4d22bc06520419a8e5827a2ccb6bb40a75323562f17a632dbedb6c8a182,Port Patrickfort,Breanna Lights,,morganpeck@example.org,2022-05-08 10:36:08,2022-05-17 10:36:08,1,2022-11-22 02:20:14,Blocked
Natasha Ross,karencarpenter,3bff092f3fd5d50cc4c57e424cde854c5fb7b85a0117141557c45151030fab25,Ruthfort,Ryan Vista,,zlloyd@example.net,2023-12-21 08:06:04,2024-01-07 08:06:04,0,2024-05-26 01:46:51,Active
Miss Shelia Parks,priceaustin,0ef6edd059a4496317a7f3b44600732f4664a5e3b548a872c4f35aa504fef31d,New Theresatown,Brown Branch,23,brian24@example.org,2022-04-24 08:37:27,2022-04-30 08:37:27,0,2023-06-10 01:19:22,Active
Michael Alexander,jeremy98,68e82c25b9f4a31eaebfd73076cde4a6386d08690f54da8e3427f53197ecfd00,Lake Carlosborough,Krystal Crossroad,,austinpamela@example.net,2024-01-09 21:28:09,2024-02-07 21:28:09,0,2024-01-14 06:17:19,Active
Jennifer Ford,omiller,382dc6fdc3422cf625ad50511d8ef546c92ec059ddf2ce2a1ca0de0bd7ac6892,Billland,Knapp Pike,11,cynthiaflynn@example.net,2020-05-21 15:34:40,2020-06-16 15:34:40,0,2023-10-09 02:57:16,Active
Catherine Huber,jeffreymills,d34f84663618456752ad2eada2d5c5c4abe0da05023269c7d6890c4a6702f25d,Erinchester,Wanda Rapids,5,janice83@example.net,2020-10-29 01:59:09,2020-11-03 01:59:09,0,2020-12-26 17:50:36,Suspended
Michael Norton,gvilla,654fdce037ddca2c8d38e88ce4eff55a0724d5b279782d24b34ced4914557b5c,West Jenniferville,Dawn Dale,,moonscott@example.com,2021-01-08 01:27:12,2021-01-24 01:27:12,0,2022-07-05 02:15:19,Blocked
Amy Butler,ann46,f0bb991d4f6507127a55dd477451a47619d7d17fb7b87b9d505e516983da1509,Port Jackberg,Amy Mill,24,probinson@example.org,2022-08-08 03:27:46,2022-08-24 03:27:46,0,2023-12-16 07:52:51,Blocked
Thomas Burns,malik14,7b6f4640e9ff02c833c12b7998f61d83b54654d1ef6bbfc6cb40478d9f7d3693,Phamview,Anna Cliffs,30,lauriekirby@example.com,2024-02-16 20:15:20,2024-03-10 20:15:20,1,2024-11-03 15:29:42,Suspended
Ashley Sullivan,ashley63,68214f00e5229dede43e9c95e4bdb59fff9b61b11c20aeb55d17e217959456cd,Johnsonfurt,Cindy Trafficway,3,webertaylor@example.com,2023-02-08 20:19:46,2023-02-14 20:19:46,0,2023-09-13 13:19:55,Blocked
Ryan Villanueva,mcdonaldnathan,e8b12a986b3a8b4c74b26f0b41b98efe4ef0ecc048c58a9253554d0018b90997,Lake Nathanielberg,Michael Pike,,robert02@example.com,2021-08-11 12:54:51,2021-08-21 12:54:51,1,2021-10-11 12:01:19,Blocked
Elizabeth Montoya,georgethomas,09d7b008e4b3c9e4bae72d9e469209d723e6e9bfff05d72b2044e762d4758e79,North Christina,Gibson Village,23,idavis@example.org,2022-09-03 22:47:41,2022-09-20 22:47:41,1,2023-01-14 17:02:20,Blocked
Mark Monroe,cameronmay,3cc4094339b93d0a0ea8c30fa6448b71e21fb1002024e002664d6aadfd37adc6,South Dennis,Russell Brook,,caseychad@example.com,2022-05-13 19:13:26,2022-06-07 19:13:26,0,2022-06-20 13:22:02,Blocked
Edward Garner,davischad,5216ffd8fe23a6da0057c07847fe32e91a1d8d5cf1a4377e8196ece230b7c425,Chanmouth,Frazier Square,13,hernandezcrystal@example.com,2022-07-21 20:28:39,2022-07-24 20:28:39,1,2024-10-11 06:02:22,Active
Julie Burns,patrick95,8d454274f4c905101153a7a2f53e1d8a13c03b3ccae7997469537e47dc5c39c6,Lake Samantha,Fitzpatrick Inlet,,davismindy@example.org,2021-11-18 15:59:05,2021-12-13 15:59:05,0,2023-05-31 20:49:13,Active
Craig Gray,melindashields,4bae539671ce29f97b956d18eaa0be07ad71e1c88ef5f4d48521011fe7aa2526,Gravesburgh,Carolyn Ridge,24,christophersingh@example.net,2024-07-31 18:30:35,2024-08-04 18:30:35,0,2024-10-05 22:42:15,Blocked
Kevin Stevens,goodchad,49673564bcc4f46afcf7dfccbe1782b8515795da07a6cd8c8ae090af160d182f,Markshire,Morris Mountain,,christopherbarajas@example.net,2024-08-10 03:44:40,2024-08-16 03:44:40,1,2024-09-19 18:01:38,Suspended
Richard Wright,lmiller,27817dd6b1c9ed4460f95bf7fa3ab6c2eb773f9bd3eaef019f809fabc29edbe2,Lake Loretta,Mullins Park,,larryboyd@example.net,2021-05-13 14:28:57,2021-06-07 14:28:57,1,2024-01-09 08:59:18,Active
Douglas Kim,lkim,4e9de2dae45f129275b79989d45c7cfca6c680f7027f764266335737d2affed8,Millerburgh,Jenna Creek,47,john77@example.org,2022-06-30 03:39:41,2022-06-30 03:39:41,0,2023-03-09 02:06:57,Active
Joseph Pugh,hernandezkenneth,e96e4b01666bc4ea43a350d51899707453de8a06e8050d4a9fe47b4d7701227a,Jamesbury,Meza Creek,5,richard05@example.org,2022-06-06 18:42:36,2022-06-18 18:42:36,0,2024-01-19 18:35:32,Blocked
Kevin Daniel,reevesnatalie,ad69ec8eda56c1a377410bef9067d5a6c9590c61c31d46b07a7851c29d3b9886,South Brittany,Berry Lights,,bryan83@example.net,2024-06-27 16:18:38,2024-07-07 16:18:38,0,2024-11-25 07:54:14,Blocked
Shirley Moore,blewis,9ebf915d9c3d616c1c6394c7a32c55dcb6170981eb70740d022512a2378a5f11,Lake Amberberg,Peters Flats,30,xlopez@example.com,2022-06-25 04:41:05,2022-07-09 04:41:05,1,2024-12-25 09:10:23,Blocked
Tyler Brennan,katrinastewart,3d1008ba52f209291ea771361fb339b4e65aac83cc14b2c310d8ee016ce0d835,Guerreromouth,Connie Pine,,cgriffin@example.org,2020-02-04 05:28:25,2020-02-28 05:28:25,0,2021-03-30 13:16:39,Suspended
Rachel Wilkinson,graykristina,168fd5d5f53f2f356202f89a9facee81db980002e62b1577e8909a4988d30efe,West Karenview,Anna Run,46,mjones@example.com,2024-07-17 07:47:37,2024-08-05 07:47:37,0,2024-07-20 03:11:08,Blocked
Christopher Gould,vaughndana,ef3c467dfc919434c43110626c0a031e670b90e41449263a4cc8dac4c7e6066e,Garystad,Bobby Summit,26,ygarcia@example.net,2024-07-06 10:27:47,2024-07-24 10:27:47,0,2024-12-13 11:42:08,Suspended
Amy Jacobs,fvaughn,54083183d379a52aac8fc4f707bf467ee8dffd1ff9bcbb5739a7bae65126b336,North Jerryhaven,Valerie Circle,,daniel45@example.com,2020-03-10 11:26:29,2020-03-16 11:26:29,0,2024-12-05 11:21:09,Blocked
Kevin Shaw,christopher22,70ffdc0bc96b6b36a65cfdf71f8bce230c0e2fd944e5bd427b73139e8c4fdbb9,Rayland,John Shores,21,alexanderboyd@example.net,2024-11-10 00:53:20,2024-11-13 00:53:20,1,2024-12-29 22:10:21,Suspended
Nicolas Harrison,matthewssara,f41e61fcd7c682cfb7c7387f4192f20af75136ec79c013bfefef619a04a7871f,North Kimberlyport,Robinson Ridge,13,martinezchristopher@example.net,2021-01-04 13:48:44,2021-01-25 13:48:44,1,2024-09-09 19:42:42,Suspended
Andrea Hampton,williehines,fcbe92f7b4bf08213795a6a411ed7f0dafeba819694edcb2bc02709f778bd458,East Andreaville,Brian Square,39,davismicheal@example.com,2024-01-21 05:32:31,2024-01-30 05:32:31,1,2024-09-13 20:12:11,Active
John Clark,lovemelissa,7801c9df1f4705cbfb2b6c87065b88a9c277f35fe71ee14939370d59760c15d9,Pamelamouth,Wright Extensions,,dcarter@example.com,2021-04-16 02:47:33,2021-05-16 02:47:33,1,2024-03-19 16:00:00,Blocked
Ashley Horn,frank37,538e932f6cad00135958322787c05875eab7c3a6affa77942e0da9a986213ecd,Lake Jenniferbury,Ellison Drives,24,mejiaholly@example.org,2023-01-04 19:22:10,2023-01-21 19:22:10,0,2023-12-15 02:06:38,Suspended
Michelle Bryant,matthewsanchez,d65c243a14a00754e7a4008e2df8f949038ea5ca71e4659890d70b328dce937d,West Leeburgh,Hernandez Shoal,27,jacob77@example.net,2023-07-06 14:13:52,2023-07-14 14:13:52,0,2024-07-12 01:50:08,Blocked
Dominic Castro,adamtorres,a1e2001e72ea1094b2925a5c34ea8d613275275bc2e8db6a0612d7c86470d4c7,West Dawnland,Hernandez Run,37,russellruben@example.net,2024-05-02 03:54:47,2024-05-18 03:54:47,0,2024-07-26 02:37:04,Active
Alison Weaver,rallen,79cb3bef40dc12f0b5d726676436cf174384053d304bf8825c5fb5369015189b,North Allison,Thompson Crescent,,ecole@example.org,2022-08-09 02:17:22,2022-08-23 02:17:22,0,2023-03-08 07:42:08,Suspended
Monica Harris,sandra09,aed05d39f2e5a21f49874eb1fd004f98872e217a1322769e8571c13067d3da6a,Dayland,Joanna Green,,aguilarshannon@example.net,2023-11-12 09:18:52,2023-11-15 09:18:52,1,2024-05-15 12:08:57,Suspended
Elizabeth Crawford,jessicamiller,948a052803bfa9db41d5c61e48982e00535c1bbe2ff8ab4df38dc680980f29a2,Lake Michelle,Thomas Haven,,richscott@example.com,2024-12-16 02:34:52,2025-01-07 02:34:52,0,2024-12-28 07:47:29,Active
William Noble,jeremynguyen,8344b9b47beb34fa617ad6cb35712e5a6745d606e2d8b562181e1c0c32933aa5,Jasminstad,Smith Club,28,alexisnunez@example.com,2024-01-23 22:33:13,2024-02-19 22:33:13,0,2024-08-23 10:44:47,Suspended
Miss Danielle Duncan,cantrellnathan,ab59af6761fade63785e5bcfb4877d04fa3636c1ee1f2a4a797ffce73919c832,Conleychester,Robert Ranch,,fhickman@example.org,2024-07-23 00:39:38,2024-08-10 00:39:38,0,2024-11-21 03:58:48,Suspended
Michael Myers,sierra35,ee3ea549183f7f2b9e6ab6a96238d97dd4de66573105ccc19b2e1e215ed32f7d,Stephanieville,Armstrong Unions,,jacksonalice@example.net,2023-12-01 02:12:29,2023-12-11 02:12:29,1,2024-07-29 19:44:37,Blocked
Mary Bowen,oscar67,c03411d85b2a5713120d0a2253cd1ab3793984d9eb83fc3039c2d69c4aad9fe9,New Melissashire,Phillip Shores,50,lori31@example.org,2023-07-06 09:24:28,2023-07-20 09:24:28,1,2024-12-20 03:15:29,Suspended
Shelby Owen,bartonhenry,6362e28dec065050a5d2549675aa5315c665ed450c7093ac73449794f38155da,West Melinda,Kristina Alley,,robincooper@example.com,2024-08-02 23:13:39,2024-08-22 23:13:39,0,2024-12-25 22:14:55,Active
Matthew Gardner,kristen72,66e074abd536454252ddd48b6ee8d16085e5c79813b8d699fe32ccb980213452,South Jamesport,Alvarez Viaduct,,ltyler@example.com,2023-03-31 23:20:44,2023-04-09 23:20:44,0,2024-03-26 08:35:48,Blocked
Jackie Kidd,smorgan,0d5ed54733743c7557d657ccd3e00179a20f393255efadf440f6af7106a5ca05,New Kevin,Stephen Row,,phelpsmichael@example.net,2021-08-14 17:48:19,2021-09-11 17:48:19,1,2023-09-05 06:24:42,Blocked
Patrick Johnson,reginawilliams,964e6df1c4886e7979fbf249e8d9ca2dfb05133f810a2d6e7b40fcc8b4c98266,West Erin,Becker Trafficway,18,maria43@example.org,2024-04-25 23:35:35,2024-05-10 23:35:35,0,2024-11-03 12:08:53,Blocked
Taylor Macias,danielle17,33e3449160b59c90661a73b2dc6d2d46da16b46adea55769df7bfbd1e998ae0a,North Jamesshire,Sheila Wells,21,tphillips@example.org,2023-09-03 10:54:47,2023-10-03 10:54:47,0,2024-08-28 22:37:17,Active
Tim Johnston,hobbsmonique,4f7708dd7fe5bd47ecd5acbb88429b0bfed87e72c7d5971a3428ee98eb8368db,West Lauren,Ramos Mission,,perrystephanie@example.org,2022-04-28 09:19:14,2022-05-06 09:19:14,1,2022-07-17 19:02:57,Suspended
